Workbook

Sheet City Introduction
A1: City | B1: Nation | C1: State / Province | D1: National Capital | E1: State / Regional Capital | F1: Total Metropolitan Area | G1: Total Land Area | H1: Total Water Area | I1: Total Urban Area | J1: Total District | K1: Master Plan 2031 | L1: Major Source of Employment | M1: Major Source of Income | N1: Popular Industry - Raw material Extraction | O1: Popular Industry - Agriculture and Animal Husbandary | P1: Popular Industry - Manufacturing, Processing, and Refining | Q1: Key Source of city's GDP | R1: Population | S1: Population Density | T1: Urban Population | U1: Urban Density | V1: Road Length | W1: Public Road Transports available | X1: Tram Track Length | Y1: Metro Length | Z1: Subway Length | AA1: Intracity Rail Lenght | AB1: Intracity Water Area | AC1: Metro Phases Built (before 28-08-2026) | AD1: Residential Localities | AE1: Industrial Localities | AF1: Commercial Localities | AG1: Governed by | AH1: Central, State, and Municipal Ruling Side | AI1: Key Landmarks | AJ1: Key Notes
A2: Kanpur | B2: India | C2: Uttar Pradesh | D2: No | E2: No | F2: 1484 | G2: =F2-H2 -> 1446.9 | H2: =0.025*F2 -> 37.1 | I2: 403.7 | J2: 3155 | K2: 580.78 | L2: Manufacturing | M2: Sevices and Manufacturing | N2: NA | O2: Potato, Wheat, Rice, Bovine Milk and Meat, Leather | P2: Leather and Footwear; Industrial and Polymer Machinery; Defence Production; FMCG & Detergents; Synthetic and Hosiery Processing; Industrial Packaging; Flour, Pulse, Oil Mills; Sugar Derivative Processing | Q2: Leather, FMCG and Chemical, Logistics | R2: 4398000 | S2: 9800 | T2: 3016000 | U2: 10650 | AA2: =IF(OR(Y2="", Z2=""), "", Y2+Z2) | AG2: Indian Centre, Uttar Pradesh State, and Kanpur Municipal | AH2: Centre - BJP, State - BJP, Local - | AI2: Nana Rao Park, Kanpur Memorial Church, Bithoor, Moti Jheel, Baba Anadeshwar mandir, ISCON Kanpur, JK Temple, Kanpur Zoological Park, Valmiki Ashram Temple, Green Park Stadium, Brahmavart Ghat, Satti Chaura ghat, Dhruv Teela, Bhitargaon Temple, Clock Tower | AJ2: 1. Urban Density is in the city is between 9800-11500. City Core - the older, central parts of kanpur are the most crowded ones, holding over 30000 residents per sq km, while the newer outer areas are less crowded, averaging about 5600 people per sq km. 2. While average rural density of the city sits close to 587 people per sq km the outer rural regions has only 47.2 people per sq km. 3. Based on the official property tax records and Geographic Information System (GIS) surveys managed by KMC, the total number of assessed buildings and structures in Kanpur is approximately 4.5 to 6.2 Lakhs. Out of total buildings, residential covers 370000 - 530000, commercial - 60000-75000, and industrial - 17500-20000.
A3: Chongqing | B3: China | C3: Federal | AA3: =IF(OR(Y3="", Z3=""), "", Y3+Z3)
A4: Patna | B4: India | C4: Bihar | AA4: =IF(OR(Y4="", Z4=""), "", Y4+Z4)
A5: New York City | B5: USA | C5: New York | AA5: =IF(OR(Y5="", Z5=""), "", Y5+Z5)
A6: Toronto | B6: Canada | C6: Ontario
A7: Mumbai | B7: India | C7: Maharashtra | AA7: =IF(OR(Y7="", Z7=""), "", Y7+Z7)
A8: Jakarta | B8: Indonesia | AA8: =IF(OR(Y8="", Z8=""), "", Y8+Z8)
A9: Kolkata | B9: India | C9: West Bengal | AA9: =IF(OR(Y9="", Z9=""), "", Y9+Z9) | AJ9: 1. The Kolkata Urban Aggolomeration includes Kolkata and Howrah wih other suburbs
A10: Lagos | B10: Nigeria | AA10: =IF(OR(Y10="", Z10=""), "", Y10+Z10)
A11: Indore | B11: India | C11: Madhya Pradesh | AA11: =IF(OR(Y11="", Z11=""), "", Y11+Z11)
A12: Sao Paulo | B12: Brazil | AA12: =IF(OR(Y12="", Z12=""), "", Y12+Z12)
A13: Sydney | B13: Australia
A14: Jaipur | B14: India | C14: Rajasthan | O14: Pearl Millet. | AA14: =IF(OR(Y14="", Z14=""), "", Y14+Z14)
A15: Dhaka | B15: Bangladesh | O15: Rice, | AA15: =IF(OR(Y15="", Z15=""), "", Y15+Z15)
A16: Chennai | B16: India | C16: Tamil Nadu | AA16: =IF(OR(Y16="", Z16=""), "", Y16+Z16)
A17: Moscow | B17: Russia | AA17: =IF(OR(Y17="", Z17=""), "", Y17+Z17)
A18: Amsterdam | B18: Netherlands
A19: Ahmedabad | B19: India | C19: Gujarat | AA19: =IF(OR(Y19="", Z19=""), "", Y19+Z19)
A20: Addis Ababa | B20: Ethiopia | AA20: =IF(OR(Y20="", Z20=""), "", Y20+Z20)
A21: Bengaluru | B21: India | C21: Karnataka | O21: Finger Millet, | AA21: =IF(OR(Y21="", Z21=""), "", Y21+Z21)
A22: Mexico City | B22: Mexico | AA22: =IF(OR(Y22="", Z22=""), "", Y22+Z22) | AJ22: 1. Locally known as Ciudad de Mexico
A23: Dubai | B23: UAE
A24: Visakhapatnam | B24: India | C24: Andhra Pradesh | AA24: =IF(OR(Y24="", Z24=""), "", Y24+Z24)
A25: Tokyo | B25: Japan | C25: Tokya
A26: Bhubaneshwar | B26: India | C26: Odisha | AA26: =IF(OR(Y26="", Z26=""), "", Y26+Z26)
A27: Cairo | B27: Egypt
A28: Zurich | B28: Switzerland
A29: Hyderabad | B29: India | C29: Telangana | AA29: =IF(OR(Y29="", Z29=""), "", Y29+Z29)
A30: Quezon City | B30: Philippines | C30: Federal
A31: Thiruvananthapuram | B31: India | C31: Kerala | AA31: =IF(OR(Y31="", Z31=""), "", Y31+Z31)
A32: Kinshasa | B32: DR Congo
A33: Brussels | B33: Belgium
A34: Jamshedpur | B34: India | C34: Jharkhand | AA34: =IF(OR(Y34="", Z34=""), "", Y34+Z34)
A35: Ho Chi Minh City | B35: Vietnam
A36: Guwahati | B36: India | C36: Assam | AA36: =IF(OR(Y36="", Z36=""), "", Y36+Z36)
A37: Tehran | B37: Iran
A38: Jerusalem | B38: Israel
A39: Ludhiana | B39: India | C39: Punjab | AA39: =IF(OR(Y39="", Z39=""), "", Y39+Z39)
A40: Istanbul | B40: Turkey
A41: Raipur | B41: India | C41: Chattisgarh | AA41: =IF(OR(Y41="", Z41=""), "", Y41+Z41)
A42: Berlin | B42: Germany
A43: Auckland | B43: New Zealand
A44: Faridabad | B44: India | C44: Haryana | AA44: =IF(OR(Y44="", Z44=""), "", Y44+Z44)
A45: Karachi | B45: Pakistan
A46: Delhi | B46: India | C46: Delhi | AA46: =IF(OR(Y46="", Z46=""), "", Y46+Z46)
A47: Dar es Salaam | B47: Tanzania
A48: Jeddah | B48: Saudi Arabia
A49: Srinagar | B49: India | C49: Jammu and Kashmir | AA49: =IF(OR(Y49="", Z49=""), "", Y49+Z49)
A50: Bangkok | B50: Thailand
A51: Dehradun | B51: India | C51: Uttarakhand | AA51: =IF(OR(Y51="", Z51=""), "", Y51+Z51)
A52: London | B52: UK
A53: Shimla | B53: India | C53: Himachal Pradesh | AA53: =IF(OR(Y53="", Z53=""), "", Y53+Z53)
A54: Paris | B54: France
A55: Agartala | B55: India | C55: Tripura | AA55: =IF(OR(Y55="", Z55=""), "", Y55+Z55)
A56: Johannesburg | B56: South Africa | C56: Gauteng
A57: Shillong | B57: India | C57: Meghalaya | AA57: =IF(OR(Y57="", Z57=""), "", Y57+Z57)
A58: Rome | B58: Italy
A59: Imphal | B59: India | C59: Manipur | AA59: =IF(OR(Y59="", Z59=""), "", Y59+Z59)
A60: Nairobi | B60: Kenya
A61: Dimapur | B61: India | C61: Nagaland | AA61: =IF(OR(Y61="", Z61=""), "", Y61+Z61)
A62: Yangon | B62: Myanmar
A63: Vasco da Gama | B63: India | C63: Goa | AA63: =IF(OR(Y63="", Z63=""), "", Y63+Z63)
A64: Bogota | B64: Colombia
A65: Itanagar | B65: India | C65: Arunachal Pradesh | AA65: =IF(OR(Y65="", Z65=""), "", Y65+Z65)
A66: Khartoum | B66: Sudan
A67: Puducherry | B67: India | C67: Puducherry | AA67: =IF(OR(Y67="", Z67=""), "", Y67+Z67)
A68: Kampala | B68: Uganda
A69: Aizwal | B69: India | C69: Mizoram | AA69: =IF(OR(Y69="", Z69=""), "", Y69+Z69)
A70: Chandigarh | B70: India | C70: Chandigarh | AA70: =IF(OR(Y70="", Z70=""), "", Y70+Z70)
A71: Seoul | B71: South Korea
A72: Gangtok | B72: India | C72: Sikkim | AA72: =IF(OR(Y72="", Z72=""), "", Y72+Z72)
A73: Algiers | B73: Algeria
A74: Silvassa | B74: India | C74: Dadra and Nagar Haveli and Daman and Diu | AA74: =IF(OR(Y74="", Z74=""), "", Y74+Z74)
A75: Buenos Aires | B75: Argentina
A76: Sri Vijaya Puram | B76: India | C76: Andaman and Nicobar Islands | AA76: =IF(OR(Y76="", Z76=""), "", Y76+Z76)
A77: Kabul | B77: Afghanistan
A78: Leh | B78: India | C78: Ladakh | AA78: =IF(OR(Y78="", Z78=""), "", Y78+Z78)
A79: Sanaa | B79: Yemen
A80: Kavaratti | B80: India | C80: Lakshwadweep | AA80: =IF(OR(Y80="", Z80=""), "", Y80+Z80)
A81: Lucknow | B81: India | C81: Uttar Pradesh | D81: No | E81: Yes | F81: 710 | G81: =F81-H81 -> 697.575 | H81: =0.0175*F81 -> 12.425 | I81: 631 | J81: 2528 | K81: =(710+950)/2 -> 830 | L81: Trade, Logistics, and Transportation | M81: Commerce, Administration, IT, Tourism, and Financial Services | N81: Sand and Murram | O81: Mango, | AA81: =IF(OR(Y81="", Z81=""), "", Y81+Z81) | AJ81: 1. Even though Itar is connected to Kannuag as it is the place where perfumes are created and the city is known for one of the best perfume creators of India, the perfume industry in connected to Lucknow as the city has been the market place for the Kannuag perfumes since Mughal period
A82: Shanghai | B82: China | C82: Federal | AA82: =IF(OR(Y82="", Z82=""), "", Y82+Z82)
A83: Gaya | B83: India | C83: Bihar | AA83: =IF(OR(Y83="", Z83=""), "", Y83+Z83)
A84: Los Angeles | B84: USA | C84: California | AA84: =IF(OR(Y84="", Z84=""), "", Y84+Z84)
A85: Montreal | B85: Canada | C85: Quebec
A86: Pune | B86: India | C86: Maharashtra | AA86: =IF(OR(Y86="", Z86=""), "", Y86+Z86)
A87: Surabaya | B87: Indonesia | AA87: =IF(OR(Y87="", Z87=""), "", Y87+Z87)
A88: Asansol | B88: India | C88: West Bengal | AA88: =IF(OR(Y88="", Z88=""), "", Y88+Z88)
A89: Kano | B89: Nigeria | O89: Sorghum, Pearl Millet, Small Millets, | AA89: =IF(OR(Y89="", Z89=""), "", Y89+Z89)
A90: Bhopal | B90: India | C90: Madhya Pradesh | AA90: =IF(OR(Y90="", Z90=""), "", Y90+Z90)
A91: Rio de Janeiro | B91: Brazil | AA91: =IF(OR(Y91="", Z91=""), "", Y91+Z91)
A92: Melbourne | B92: Australia
A93: Jodhpur | B93: India | C93: Rajasthan | O93: Pearl Millet, | AA93: =IF(OR(Y93="", Z93=""), "", Y93+Z93)
A94: Chattogram | B94: Bangladesh | AA94: =IF(OR(Y94="", Z94=""), "", Y94+Z94) | AJ94: 1. Also known as Chittagong
A95: Coimbatore | B95: India | C95: Tamil Nadu | AA95: =IF(OR(Y95="", Z95=""), "", Y95+Z95)
A96: Saint Petersburg | B96: Russia | AA96: =IF(OR(Y96="", Z96=""), "", Y96+Z96)
A97: Rotterdam | B97: Netherlands
A98: Surat | B98: India | C98: Gujarat | AA98: =IF(OR(Y98="", Z98=""), "", Y98+Z98)
A99: Adama | B99: Ethiopia | C99: Oromia | AA99: =IF(OR(Y99="", Z99=""), "", Y99+Z99)
A100: Hubballi - Dharwad | B100: India | C100: Karnataka | AA100: =IF(OR(Y100="", Z100=""), "", Y100+Z100)
...

Sheet City Geography and Topography
A1: City | B1: Nations | C1: State / Province
A2: ='City Introduction'!A2 -> Kanpur | B2: ='City Introduction'!B2 -> India | C2: ='City Introduction'!C2 -> Uttar Pradesh
A3: ='City Introduction'!A3 -> Chongqing | B3: ='City Introduction'!B3 -> China | C3: ='City Introduction'!C3 -> Federal
A4: ='City Introduction'!A4 -> Patna | B4: ='City Introduction'!B4 -> India | C4: ='City Introduction'!C4 -> Bihar
A5: ='City Introduction'!A5 -> New York City | B5: ='City Introduction'!B5 -> USA | C5: ='City Introduction'!C5 -> New York
A6: ='City Introduction'!A7 -> Mumbai | B6: ='City Introduction'!B7 -> India | C6: ='City Introduction'!C7 -> Maharashtra
A7: ='City Introduction'!A8 -> Jakarta | B7: ='City Introduction'!B8 -> Indonesia | C7: ='City Introduction'!C8 -> 0
A8: ='City Introduction'!A9 -> Kolkata | B8: ='City Introduction'!B9 -> India | C8: ='City Introduction'!C9 -> West Bengal
A9: ='City Introduction'!A10 -> Lagos | B9: ='City Introduction'!B10 -> Nigeria | C9: ='City Introduction'!C10 -> 0
A10: ='City Introduction'!A11 -> Indore | B10: ='City Introduction'!B11 -> India | C10: ='City Introduction'!C11 -> Madhya Pradesh
A11: ='City Introduction'!A12 -> Sao Paulo | B11: ='City Introduction'!B12 -> Brazil | C11: ='City Introduction'!C12 -> 0
A12: ='City Introduction'!A14 -> Jaipur | B12: ='City Introduction'!B14 -> India | C12: ='City Introduction'!C14 -> Rajasthan
A13: ='City Introduction'!A15 -> Dhaka | B13: ='City Introduction'!B15 -> Bangladesh | C13: ='City Introduction'!C15 -> 0
A14: ='City Introduction'!A16 -> Chennai | B14: ='City Introduction'!B16 -> India | C14: ='City Introduction'!C16 -> Tamil Nadu
A15: ='City Introduction'!A17 -> Moscow | B15: ='City Introduction'!B17 -> Russia | C15: ='City Introduction'!C17 -> 0
A16: ='City Introduction'!A19 -> Ahmedabad | B16: ='City Introduction'!B19 -> India | C16: ='City Introduction'!C19 -> Gujarat
A17: ='City Introduction'!A20 -> Addis Ababa | B17: ='City Introduction'!B20 -> Ethiopia | C17: ='City Introduction'!C20 -> 0
A18: ='City Introduction'!A21 -> Bengaluru | B18: ='City Introduction'!B21 -> India | C18: ='City Introduction'!C21 -> Karnataka
A19: ='City Introduction'!A22 -> Mexico City | B19: ='City Introduction'!B22 -> Mexico | C19: ='City Introduction'!C22 -> 0
A20: ='City Introduction'!A24 -> Visakhapatnam | B20: ='City Introduction'!B24 -> India | C20: ='City Introduction'!C24 -> Andhra Pradesh
A21: ='City Introduction'!A25 -> Tokyo | B21: ='City Introduction'!B25 -> Japan | C21: ='City Introduction'!C25 -> Tokya
A22: ='City Introduction'!A26 -> Bhubaneshwar | B22: ='City Introduction'!B26 -> India | C22: ='City Introduction'!C26 -> Odisha
A23: ='City Introduction'!A27 -> Cairo | B23: ='City Introduction'!B27 -> Egypt | C23: ='City Introduction'!C27 -> 0
A24: ='City Introduction'!A29 -> Hyderabad | B24: ='City Introduction'!B29 -> India | C24: ='City Introduction'!C29 -> Telangana
A25: ='City Introduction'!A30 -> Quezon City | B25: ='City Introduction'!B30 -> Philippines | C25: ='City Introduction'!C30 -> Federal
A26: ='City Introduction'!A31 -> Thiruvananthapuram | B26: ='City Introduction'!B31 -> India | C26: ='City Introduction'!C31 -> Kerala
A27: ='City Introduction'!A32 -> Kinshasa | B27: ='City Introduction'!B32 -> DR Congo | C27: ='City Introduction'!C32 -> 0
A28: ='City Introduction'!A34 -> Jamshedpur | B28: ='City Introduction'!B34 -> India | C28: ='City Introduction'!C34 -> Jharkhand
A29: ='City Introduction'!A35 -> Ho Chi Minh City | B29: ='City Introduction'!B35 -> Vietnam | C29: ='City Introduction'!C35 -> 0
A30: ='City Introduction'!A36 -> Guwahati | B30: ='City Introduction'!B36 -> India | C30: ='City Introduction'!C36 -> Assam
A31: ='City Introduction'!A39 -> Ludhiana | B31: ='City Introduction'!B39 -> India | C31: ='City Introduction'!C39 -> Punjab
A32: ='City Introduction'!A41 -> Raipur | B32: ='City Introduction'!B41 -> India | C32: ='City Introduction'!C41 -> Chattisgarh
A33: ='City Introduction'!A44 -> Faridabad | B33: ='City Introduction'!B44 -> India | C33: ='City Introduction'!C44 -> Haryana
A34: ='City Introduction'!A46 -> Delhi | B34: ='City Introduction'!B46 -> India | C34: ='City Introduction'!C46 -> Delhi
A35: ='City Introduction'!A49 -> Srinagar | B35: ='City Introduction'!B49 -> India | C35: ='City Introduction'!C49 -> Jammu and Kashmir
A36: ='City Introduction'!A51 -> Dehradun | B36: ='City Introduction'!B51 -> India | C36: ='City Introduction'!C51 -> Uttarakhand
A37: ='City Introduction'!A53 -> Shimla | B37: ='City Introduction'!B53 -> India | C37: ='City Introduction'!C53 -> Himachal Pradesh
A38: ='City Introduction'!A55 -> Agartala | B38: ='City Introduction'!B55 -> India | C38: ='City Introduction'!C55 -> Tripura
A39: ='City Introduction'!A57 -> Shillong | B39: ='City Introduction'!B57 -> India | C39: ='City Introduction'!C57 -> Meghalaya
A40: ='City Introduction'!A59 -> Imphal | B40: ='City Introduction'!B59 -> India | C40: ='City Introduction'!C59 -> Manipur
A41: ='City Introduction'!A61 -> Dimapur | B41: ='City Introduction'!B61 -> India | C41: ='City Introduction'!C61 -> Nagaland
A42: ='City Introduction'!A63 -> Vasco da Gama | B42: ='City Introduction'!B63 -> India | C42: ='City Introduction'!C63 -> Goa
A43: ='City Introduction'!A65 -> Itanagar | B43: ='City Introduction'!B65 -> India | C43: ='City Introduction'!C65 -> Arunachal Pradesh
A44: ='City Introduction'!A67 -> Puducherry | B44: ='City Introduction'!B67 -> India | C44: ='City Introduction'!C67 -> Puducherry
A45: ='City Introduction'!A69 -> Aizwal | B45: ='City Introduction'!B69 -> India | C45: ='City Introduction'!C69 -> Mizoram
A46: ='City Introduction'!A70 -> Chandigarh | B46: ='City Introduction'!B70 -> India | C46: ='City Introduction'!C70 -> Chandigarh
A47: ='City Introduction'!A72 -> Gangtok | B47: ='City Introduction'!B72 -> India | C47: ='City Introduction'!C72 -> Sikkim
A48: ='City Introduction'!A74 -> Silvassa | B48: ='City Introduction'!B74 -> India | C48: ='City Introduction'!C74 -> Dadra and Nagar Haveli and Daman and Diu
A49: ='City Introduction'!A76 -> Sri Vijaya Puram | B49: ='City Introduction'!B76 -> India | C49: ='City Introduction'!C76 -> Andaman and Nicobar Islands
A50: ='City Introduction'!A78 -> Leh | B50: ='City Introduction'!B78 -> India | C50: ='City Introduction'!C78 -> Ladakh
A51: ='City Introduction'!A80 -> Kavaratti | B51: ='City Introduction'!B80 -> India | C51: ='City Introduction'!C80 -> Lakshwadweep
A52: ='City Introduction'!A81 -> Lucknow | B52: ='City Introduction'!B81 -> India | C52: ='City Introduction'!C81 -> Uttar Pradesh
A53: ='City Introduction'!A82 -> Shanghai | B53: ='City Introduction'!B82 -> China | C53: ='City Introduction'!C82 -> Federal
A54: ='City Introduction'!A83 -> Gaya | B54: ='City Introduction'!B83 -> India | C54: ='City Introduction'!C83 -> Bihar
A55: ='City Introduction'!A84 -> Los Angeles | B55: ='City Introduction'!B84 -> USA | C55: ='City Introduction'!C84 -> California
A56: ='City Introduction'!A86 -> Pune | B56: ='City Introduction'!B86 -> India | C56: ='City Introduction'!C86 -> Maharashtra
A57: ='City Introduction'!A87 -> Surabaya | B57: ='City Introduction'!B87 -> Indonesia | C57: ='City Introduction'!C87 -> 0
A58: ='City Introduction'!A88 -> Asansol | B58: ='City Introduction'!B88 -> India | C58: ='City Introduction'!C88 -> West Bengal
A59: ='City Introduction'!A89 -> Kano | B59: ='City Introduction'!B89 -> Nigeria | C59: ='City Introduction'!C89 -> 0
A60: ='City Introduction'!A90 -> Bhopal | B60: ='City Introduction'!B90 -> India | C60: ='City Introduction'!C90 -> Madhya Pradesh
A61: ='City Introduction'!A91 -> Rio de Janeiro | B61: ='City Introduction'!B91 -> Brazil | C61: ='City Introduction'!C91 -> 0
A62: ='City Introduction'!A93 -> Jodhpur | B62: ='City Introduction'!B93 -> India | C62: ='City Introduction'!C93 -> Rajasthan
A63: ='City Introduction'!A94 -> Chattogram | B63: ='City Introduction'!B94 -> Bangladesh | C63: ='City Introduction'!C94 -> 0
A64: ='City Introduction'!A95 -> Coimbatore | B64: ='City Introduction'!B95 -> India | C64: ='City Introduction'!C95 -> Tamil Nadu
A65: ='City Introduction'!A96 -> Saint Petersburg | B65: ='City Introduction'!B96 -> Russia | C65: ='City Introduction'!C96 -> 0
A66: ='City Introduction'!A98 -> Surat | B66: ='City Introduction'!B98 -> India | C66: ='City Introduction'!C98 -> Gujarat
A67: ='City Introduction'!A99 -> Adama | B67: ='City Introduction'!B99 -> Ethiopia | C67: ='City Introduction'!C99 -> Oromia
A68: ='City Introduction'!A100 -> Hubballi - Dharwad | B68: ='City Introduction'!B100 -> India | C68: ='City Introduction'!C100 -> Karnataka
A69: ='City Introduction'!A101 -> Guadalajara | B69: ='City Introduction'!B101 -> Mexico | C69: ='City Introduction'!C101 -> Jalisco
A70: ='City Introduction'!A103 -> Vijayawada | B70: ='City Introduction'!B103 -> India | C70: ='City Introduction'!C103 -> Andhra Pradesh
A71: ='City Introduction'!A104 -> Yokohama | B71: ='City Introduction'!B104 -> Japan | C71: ='City Introduction'!C104 -> 0
A72: ='City Introduction'!A105 -> Cuttack | B72: ='City Introduction'!B105 -> India | C72: ='City Introduction'!C105 -> Odisha
A73: ='City Introduction'!A106 -> Alexandria | B73: ='City Introduction'!B106 -> Egypt | C73: ='City Introduction'!C106 -> 0
A74: ='City Introduction'!A108 -> Warangal | B74: ='City Introduction'!B108 -> India | C74: ='City Introduction'!C108 -> Telangana
A75: ='City Introduction'!A109 -> Davao City | B75: ='City Introduction'!B109 -> Philippines | C75: ='City Introduction'!C109 -> Federal
A76: ='City Introduction'!A110 -> Kochi | B76: ='City Introduction'!B110 -> India | C76: ='City Introduction'!C110 -> Kerala
A77: ='City Introduction'!A111 -> Lubumbashi | B77: ='City Introduction'!B111 -> DR Congo | C77: ='City Introduction'!C111 -> 0
A78: ='City Introduction'!A113 -> Dhanbad | B78: ='City Introduction'!B113 -> India | C78: ='City Introduction'!C113 -> Jharkhand
A79: ='City Introduction'!A114 -> Hanoi | B79: ='City Introduction'!B114 -> Vietnam | C79: ='City Introduction'!C114 -> 0
A80: ='City Introduction'!A115 -> Silchar | B80: ='City Introduction'!B115 -> India | C80: ='City Introduction'!C115 -> Assam
A81: ='City Introduction'!A118 -> Amritsar | B81: ='City Introduction'!B118 -> India | C81: ='City Introduction'!C118 -> Punjab
A82: ='City Introduction'!A120 -> Bhilai - Durg | B82: ='City Introduction'!B120 -> India | C82: ='City Introduction'!C120 -> Chattisgarh
A83: ='City Introduction'!A123 -> Gurugram | B83: ='City Introduction'!B123 -> India | C83: ='City Introduction'!C123 -> Haryana
A84: ='City Introduction'!A126 -> Jammu | B84: ='City Introduction'!B126 -> India | C84: ='City Introduction'!C126 -> Jammu and Kashmir
A85: ='City Introduction'!A128 -> Haridwar | B85: ='City Introduction'!B128 -> India | C85: ='City Introduction'!C128 -> Uttarakhand
A86: ='City Introduction'!A130 -> Dharamshala | B86: ='City Introduction'!B130 -> India | C86: ='City Introduction'!C130 -> Himachal Pradesh
A87: ='City Introduction'!A132 -> Dharmanagar | B87: ='City Introduction'!B132 -> India | C87: ='City Introduction'!C132 -> Tripura
A88: ='City Introduction'!A134 -> Tura | B88: ='City Introduction'!B134 -> India | C88: ='City Introduction'!C134 -> Meghalaya
A89: ='City Introduction'!A136 -> Churachandpur | B89: ='City Introduction'!B136 -> India | C89: ='City Introduction'!C136 -> Manipur
A90: ='City Introduction'!A138 -> Kohima | B90: ='City Introduction'!B138 -> India | C90: ='City Introduction'!C138 -> Nagaland
A91: ='City Introduction'!A140 -> Madgaon | B91: ='City Introduction'!B140 -> India | C91: ='City Introduction'!C140 -> Goa
A92: ='City Introduction'!A142 -> Naharlagun | B92: ='City Introduction'!B142 -> India | C92: ='City Introduction'!C142 -> Arunachal Pradesh
A93: ='City Introduction'!A144 -> Lunglei | B93: ='City Introduction'!B144 -> India | C93: ='City Introduction'!C144 -> Mizoram
A94: ='City Introduction'!A146 -> Namchi | B94: ='City Introduction'!B146 -> India | C94: ='City Introduction'!C146 -> Sikkim
A95: ='City Introduction'!A148 -> Dadhel | B95: ='City Introduction'!B148 -> India | C95: ='City Introduction'!C148 -> Dadra and Nagar Haveli and Daman and Diu
A96: ='City Introduction'!A150 -> Garacharma | B96: ='City Introduction'!B150 -> India | C96: ='City Introduction'!C150 -> Andaman and Nicobar Islands
A97: ='City Introduction'!A152 -> Kargil | B97: ='City Introduction'!B152 -> India | C97: ='City Introduction'!C152 -> Ladakh
A98: ='City Introduction'!A153 -> Ghaziabad | B98: ='City Introduction'!B153 -> India | C98: ='City Introduction'!C153 -> Uttar Pradesh
A99: ='City Introduction'!A154 -> Beijing | B99: ='City Introduction'!B154 -> China | C99: ='City Introduction'!C154 -> Federal
A100: ='City Introduction'!A155 -> Bhagalpur | B100: ='City Introduction'!B155 -> India | C100: ='City Introduction'!C155 -> Bihar
...

Sheet City Demographic
